{
    "Ar36": {
        "error": 0.0022316094583751719, 
        "fit": "Parabolic", 
        "value": 0.026956766054392952
    }, 
    "Ar37": {
        "error": 0.1250609666552677, 
        "fit": "linear", 
        "value": -0.029974650341106045
    }, 
    "Ar38": {
        "error": 0.1093951686297282, 
        "fit": "linear", 
        "value": 1.0858754871127105
    }, 
    "Ar39": {
        "error": 0.087153882257239634, 
        "fit": "Parabolic", 
        "value": 91.389535433951892
    }, 
    "Ar40": {
        "error": 0.35807314159754094, 
        "fit": "Parabolic", 
        "value": 1266.4670418107503
    }, 
    "Ar41": {
        "error": 0.097219224189273978, 
        "fit": "linear", 
        "value": 0.0089754005101864084
    }
}