{
    "Ar36": {
        "error": 0.0011335153277438421, 
        "fit": "Parabolic", 
        "value": 0.0011437104722879974
    }, 
    "Ar37": {
        "error": 0.12387333674090487, 
        "fit": "linear", 
        "value": 0.025348890750457084
    }, 
    "Ar38": {
        "error": 0.10240751274515367, 
        "fit": "linear", 
        "value": -0.080424083641814442
    }, 
    "Ar39": {
        "error": 0.054597624500685574, 
        "fit": "Parabolic", 
        "value": -0.087090306686953584
    }, 
    "Ar40": {
        "error": 0.1127117741869148, 
        "fit": "Parabolic", 
        "value": 0.052442786759618137
    }, 
    "Ar41": {
        "error": 0.10411032857961752, 
        "fit": "linear", 
        "value": 0.00087429151011755781
    }
}