{
    "Ar36": {
        "error": 0.00068225591877130697, 
        "fit": "Parabolic", 
        "value": 0.001185593246487234
    }, 
    "Ar37": {
        "error": 0.1127933845184165, 
        "fit": "linear", 
        "value": -0.01311294363469714
    }, 
    "Ar38": {
        "error": 0.10356320680236107, 
        "fit": "linear", 
        "value": -0.084824145821938868
    }, 
    "Ar39": {
        "error": 0.057753715456172257, 
        "fit": "Parabolic", 
        "value": -0.052729858380362933
    }, 
    "Ar40": {
        "error": 0.10536876076778806, 
        "fit": "Parabolic", 
        "value": 0.097614312397902303
    }, 
    "Ar41": {
        "error": 0.10323654581759407, 
        "fit": "linear", 
        "value": -0.015382724511297782
    }
}