{
    "Ar36": {
        "error": 0.0016333694674038244, 
        "fit": "parabolic", 
        "value": 0.0013967609212549837
    }, 
    "Ar37": {
        "error": 0.15015428678996739, 
        "fit": "linear", 
        "value": -0.014176166732193914
    }, 
    "Ar38": {
        "error": 0.1191899791471491, 
        "fit": "linear", 
        "value": -0.052667333033405886
    }, 
    "Ar39": {
        "error": 0.057747854622272859, 
        "fit": "parabolic", 
        "value": -0.0070823679194957564
    }, 
    "Ar40": {
        "error": 0.14056181593117617, 
        "fit": "parabolic", 
        "value": 0.19231328012269128
    }, 
    "Ar41": {
        "error": 0.11934194185768031, 
        "fit": "average_SEM", 
        "value": -0.023703825106495061
    }
}