{
    "AX": {
        "error": 0.04380625659707015, 
        "fit": "average", 
        "value": -0.09284520319904134
    }, 
    "CDD": {
        "error": 0.00021770978653258484, 
        "fit": "average", 
        "value": 0.000250839214034689
    }, 
    "H1": {
        "error": 0.10003904471880178, 
        "fit": "average", 
        "value": 0.02902752237278037
    }, 
    "H2": {
        "error": 0.0808790299326329, 
        "fit": "average", 
        "value": 0.002370013641111091
    }, 
    "L1": {
        "error": 0.09114396291226459, 
        "fit": "average", 
        "value": -0.056838407171080296
    }, 
    "L2": {
        "error": 0.13065058827454223, 
        "fit": "average", 
        "value": 0.005935353597910222
    }
}