{
    "Ar36": {
        "error": 0.032600551045457518, 
        "fit": "parabolic", 
        "value": 7.129022911722215
    }, 
    "Ar37": {
        "error": 0.152385799936579, 
        "fit": "linear", 
        "value": 11.576487004493373
    }, 
    "Ar38": {
        "error": 0.11158714916345977, 
        "fit": "linear", 
        "value": 3.7040045297640374
    }, 
    "Ar39": {
        "error": 0.077064942001958847, 
        "fit": "parabolic", 
        "value": 25.255024737131819
    }, 
    "Ar40": {
        "error": 0.55988841878521511, 
        "fit": "parabolic", 
        "value": 2153.8164100253625
    }, 
    "Ar41": {
        "error": 0.11139475703957803, 
        "fit": "average_SEM", 
        "value": 0.040773396677977872
    }
}