{
    "Ar36": {
        "error": 0.019812032096440585, 
        "fit": "parabolic", 
        "value": 2.7631130902064194
    }, 
    "Ar37": {
        "error": 0.14896405297308424, 
        "fit": "linear", 
        "value": 38.084008797555299
    }, 
    "Ar38": {
        "error": 0.11547523422394967, 
        "fit": "linear", 
        "value": 7.7750654192277935
    }, 
    "Ar39": {
        "error": 0.098255043380204937, 
        "fit": "parabolic", 
        "value": 91.513991113142481
    }, 
    "Ar40": {
        "error": 0.35333892222538393, 
        "fit": "parabolic", 
        "value": 883.01485567604936
    }, 
    "Ar41": {
        "error": 0.11527545424672082, 
        "fit": "average_SEM", 
        "value": 0.0062584720952145291
    }
}