{
    "Ar36": {
        "error": 0.017633151231027419, 
        "fit": "parabolic", 
        "value": 2.2574967270024437
    }, 
    "Ar37": {
        "error": 0.16237544581494573, 
        "fit": "linear", 
        "value": 38.449512457874711
    }, 
    "Ar38": {
        "error": 0.1281472985583943, 
        "fit": "linear", 
        "value": 8.4589800953051224
    }, 
    "Ar39": {
        "error": 0.10044628339488026, 
        "fit": "parabolic", 
        "value": 97.716559636783046
    }, 
    "Ar40": {
        "error": 0.29678879676462894, 
        "fit": "parabolic", 
        "value": 703.31320052007527
    }, 
    "Ar41": {
        "error": 0.12155539844575917, 
        "fit": "average_SEM", 
        "value": 0.0061270053072075828
    }
}