{
    "Ar36": {
        "error": 0.016987453364294271, 
        "fit": "parabolic", 
        "value": 1.9428390902844703
    }, 
    "Ar37": {
        "error": 0.31092207102943059, 
        "fit": "linear", 
        "value": 325.18293244632008
    }, 
    "Ar38": {
        "error": 0.12295825109278788, 
        "fit": "linear", 
        "value": 3.9132282836234831
    }, 
    "Ar39": {
        "error": 0.13534947773245731, 
        "fit": "parabolic", 
        "value": 228.03065399614235
    }, 
    "Ar40": {
        "error": 0.28393998957510619, 
        "fit": "parabolic", 
        "value": 557.01316015941779
    }, 
    "Ar41": {
        "error": 0.11592205352230446, 
        "fit": "average_SEM", 
        "value": 0.0065232936579559461
    }
}