{
    "Ar36": {
        "error": 0.0094754397307223702, 
        "fit": "parabolic", 
        "value": 0.59183893817716182
    }, 
    "Ar37": {
        "error": 0.14968128306969833, 
        "fit": "linear", 
        "value": 32.46138346258185
    }, 
    "Ar38": {
        "error": 0.11496461367254172, 
        "fit": "linear", 
        "value": 3.0718462267618847
    }, 
    "Ar39": {
        "error": 0.093170307211231734, 
        "fit": "parabolic", 
        "value": 69.966839482977633
    }, 
    "Ar40": {
        "error": 0.20054566533769622, 
        "fit": "parabolic", 
        "value": 181.59483155819169
    }, 
    "Ar41": {
        "error": 0.12110309063221027, 
        "fit": "average_SEM", 
        "value": -0.0077201807811798058
    }
}