{
    "AX": {
        "error": 0.05078331369267036, 
        "fit": "average_SEM", 
        "value": -0.007141801137671185
    }, 
    "CDD": {
        "error": 5.9411793828181673e-05, 
        "fit": "average_SEM", 
        "value": 2.419261436443776e-05
    }, 
    "H1": {
        "error": 0.10611705300638001, 
        "fit": "average_SEM", 
        "value": 0.27901729544003806
    }, 
    "H2": {
        "error": 0.11611910543667729, 
        "fit": "average_SEM", 
        "value": 0.17143653560002955
    }, 
    "L1": {
        "error": 0.10595795592427831, 
        "fit": "average_SEM", 
        "value": 0.1322389910312874
    }, 
    "L2": {
        "error": 0.20767770708967007, 
        "fit": "average_SEM", 
        "value": 0.3697065151762217
    }
}