{
    "AX": {
        "error": 0.056051688797186784, 
        "fit": "average_SEM", 
        "value": -0.008650259053037087
    }, 
    "CDD": {
        "error": 2.264907807563722e-05, 
        "fit": "average_SEM", 
        "value": -8.828185026585642e-06
    }, 
    "H1": {
        "error": 0.11753221254565044, 
        "fit": "average_SEM", 
        "value": 0.009324863273650407
    }, 
    "H2": {
        "error": 0.11508658320639475, 
        "fit": "average_SEM", 
        "value": -0.007702205158097462
    }, 
    "L1": {
        "error": 0.11877809382486644, 
        "fit": "average_SEM", 
        "value": -0.07647848228613535
    }, 
    "L2": {
        "error": 0.14215143813026238, 
        "fit": "average_SEM", 
        "value": -0.029042323156156475
    }
}