{
    "AX": {
        "error": 0.045978139314885, 
        "fit": "average", 
        "value": -0.08950588096641902
    }, 
    "CDD": {
        "error": 5.920504760150855e-05, 
        "fit": "average", 
        "value": 2.0372727885842323e-05
    }, 
    "H1": {
        "error": 0.10127541292705729, 
        "fit": "average", 
        "value": 0.013471394622077545
    }, 
    "H2": {
        "error": 0.07798997443498729, 
        "fit": "average", 
        "value": -0.01142165738990349
    }, 
    "L1": {
        "error": 0.10125220081506961, 
        "fit": "average", 
        "value": -0.06863203865334229
    }, 
    "L2": {
        "error": 0.12089168407880814, 
        "fit": "average", 
        "value": 0.019830698491142388
    }
}