{
    "AX": {
        "error": 0.047010997078886264, 
        "fit": "average", 
        "value": -0.0867090196455019
    }, 
    "CDD": {
        "error": 6.449185926747781e-05, 
        "fit": "average", 
        "value": 3.055909182876348e-05
    }, 
    "H1": {
        "error": 0.10974023096269973, 
        "fit": "average", 
        "value": 0.0008468044691455915
    }, 
    "H2": {
        "error": 0.09792694520850623, 
        "fit": "average", 
        "value": -0.020813125012563948
    }, 
    "L1": {
        "error": 0.10961730956326403, 
        "fit": "average", 
        "value": -0.07388720439099099
    }, 
    "L2": {
        "error": 0.09131564711735139, 
        "fit": "average", 
        "value": 0.014968210774650043
    }
}