{
    "AX": {
        "error": 0.050474439222422576, 
        "fit": "average", 
        "value": -0.087987626548997
    }, 
    "CDD": {
        "error": 6.624263505759648e-05, 
        "fit": "average", 
        "value": 3.310568281449378e-05
    }, 
    "H1": {
        "error": 0.0848290918383548, 
        "fit": "average", 
        "value": 0.03742990306330428
    }, 
    "H2": {
        "error": 0.08321728864959713, 
        "fit": "average", 
        "value": -0.007680561074506075
    }, 
    "L1": {
        "error": 0.08581924596793819, 
        "fit": "average", 
        "value": -0.12067241344504573
    }, 
    "L2": {
        "error": 0.10481171428153241, 
        "fit": "average", 
        "value": 0.01005428395205455
    }
}