{
    "AX": {
        "error": 0.06254831165320293, 
        "fit": "average_SEM", 
        "value": -0.0023922297411546525
    }, 
    "CDD": {
        "error": 0.00029609641044244124, 
        "fit": "average_SEM", 
        "value": 0.0005310491256952648
    }, 
    "H1": {
        "error": 0.11094823911379464, 
        "fit": "average_SEM", 
        "value": 0.19531460207007412
    }, 
    "H2": {
        "error": 0.10701556981996925, 
        "fit": "average_SEM", 
        "value": 0.0616957996357491
    }, 
    "L1": {
        "error": 0.11161699406542275, 
        "fit": "average_SEM", 
        "value": -0.06729789490604567
    }, 
    "L2": {
        "error": 0.13121637705149858, 
        "fit": "average_SEM", 
        "value": -0.030921361952399213
    }
}