{
    "AX": {
        "error": 0.044382973507505974, 
        "fit": "average", 
        "value": -0.08538732738031642
    }, 
    "CDD": {
        "error": 0.00014547239744720376, 
        "fit": "average", 
        "value": 0.0001324227312579751
    }, 
    "H1": {
        "error": 0.09209691258742742, 
        "fit": "average", 
        "value": 0.009192573616144666
    }, 
    "H2": {
        "error": 0.09035000030273024, 
        "fit": "average", 
        "value": -0.047497986445835395
    }, 
    "L1": {
        "error": 0.09078445494724784, 
        "fit": "average", 
        "value": -0.11572924602936335
    }, 
    "L2": {
        "error": 0.1147900016084364, 
        "fit": "average", 
        "value": -0.02897797776436757
    }
}