{
    "AX": {
        "error": 0.051785362578019835, 
        "fit": "average", 
        "value": -0.0854012980100755
    }, 
    "CDD": {
        "error": 8.400150403720958e-05, 
        "fit": "average", 
        "value": 4.838522872887552e-05
    }, 
    "H1": {
        "error": 0.09177587001769223, 
        "fit": "average", 
        "value": -0.02643891405396625
    }, 
    "H2": {
        "error": 0.08856534340063955, 
        "fit": "average", 
        "value": -0.03271157891835721
    }, 
    "L1": {
        "error": 0.09891094949401902, 
        "fit": "average", 
        "value": -0.11611032429196791
    }, 
    "L2": {
        "error": 0.12507700629698332, 
        "fit": "average", 
        "value": -0.02214220912669432
    }
}