{
    "AX": {
        "error": 0.048680492794610154, 
        "fit": "average", 
        "value": -0.07795463400771437
    }, 
    "CDD": {
        "error": 6.489620090420169e-05, 
        "fit": "average", 
        "value": 3.565227380022407e-05
    }, 
    "H1": {
        "error": 0.09207414589359283, 
        "fit": "average", 
        "value": 0.0008857933060990663
    }, 
    "H2": {
        "error": 0.09190536703698564, 
        "fit": "average", 
        "value": -0.04499697273333921
    }, 
    "L1": {
        "error": 0.08720809796962282, 
        "fit": "average", 
        "value": -0.07421086600655608
    }, 
    "L2": {
        "error": 0.10332844265373743, 
        "fit": "average", 
        "value": -0.0022805288248617154
    }
}