{
    "AX": {
        "error": 0.05152356918797869, 
        "fit": "average", 
        "value": -0.08220210492101486
    }, 
    "CDD": {
        "error": 0.0002794218454631288, 
        "fit": "average", 
        "value": 0.0005322375329948651
    }, 
    "H1": {
        "error": 0.10477633283083819, 
        "fit": "average", 
        "value": 0.03221672548358489
    }, 
    "H2": {
        "error": 0.09266693559302275, 
        "fit": "average", 
        "value": -0.010347041565406119
    }, 
    "L1": {
        "error": 0.10833168989423364, 
        "fit": "average", 
        "value": -0.08664918853309385
    }, 
    "L2": {
        "error": 0.12051752301171657, 
        "fit": "average", 
        "value": -0.0031389669186018153
    }
}