{
    "AX": {
        "error": 0.05611014276493568, 
        "fit": "average", 
        "value": -0.09688068959519473
    }, 
    "CDD": {
        "error": 0.00016249726385589167, 
        "fit": "average", 
        "value": 0.00016170852759387345
    }, 
    "H1": {
        "error": 0.09052566202519319, 
        "fit": "average", 
        "value": -0.0068102149729894704
    }, 
    "H2": {
        "error": 0.09448121014634753, 
        "fit": "average", 
        "value": -0.029687797186298943
    }, 
    "L1": {
        "error": 0.10115461557179946, 
        "fit": "average", 
        "value": -0.11184757892346091
    }, 
    "L2": {
        "error": 0.1227234804560818, 
        "fit": "average", 
        "value": -0.008148107347727074
    }
}