{
    "AX": {
        "error": 0.04869985433391661, 
        "fit": "average", 
        "value": -0.09459935104581568
    }, 
    "CDD": {
        "error": 8.163256292893035e-05, 
        "fit": "average", 
        "value": 4.838522872887552e-05
    }, 
    "H1": {
        "error": 0.11966538529192945, 
        "fit": "average", 
        "value": 0.04574045996133495
    }, 
    "H2": {
        "error": 0.10475919065898898, 
        "fit": "average", 
        "value": -0.02600666324571265
    }, 
    "L1": {
        "error": 0.10533196870874538, 
        "fit": "average", 
        "value": -0.07404031426472685
    }, 
    "L2": {
        "error": 0.10705542826301996, 
        "fit": "average", 
        "value": 0.004916715483679518
    }
}