{
    "AX": {
        "error": 0.051822930954856065, 
        "fit": "average", 
        "value": -0.09551928263631296
    }, 
    "CDD": {
        "error": 9.683069639003455e-05, 
        "fit": "average", 
        "value": 7.003125210758299e-05
    }, 
    "H1": {
        "error": 0.0890044988722241, 
        "fit": "average", 
        "value": 0.020858533764776834
    }, 
    "H2": {
        "error": 0.1015737907281599, 
        "fit": "average", 
        "value": -0.020056242970547273
    }, 
    "L1": {
        "error": 0.0907325062990355, 
        "fit": "average", 
        "value": -0.10363805029292367
    }, 
    "L2": {
        "error": 0.12104201513192255, 
        "fit": "average", 
        "value": -0.015209921654943549
    }
}