{
    "AX": {
        "error": 0.056095254527441296, 
        "fit": "average", 
        "value": -0.09164184294861806
    }, 
    "CDD": {
        "error": 0.00010666446572890909, 
        "fit": "average", 
        "value": 7.767102506477386e-05
    }, 
    "H1": {
        "error": 0.08977604372567398, 
        "fit": "average", 
        "value": 0.0015580585303692275
    }, 
    "H2": {
        "error": 0.09066806115848934, 
        "fit": "average", 
        "value": -0.023695613105351534
    }, 
    "L1": {
        "error": 0.08560067864913216, 
        "fit": "average", 
        "value": -0.09111146673600634
    }, 
    "L2": {
        "error": 0.0983842612207973, 
        "fit": "average", 
        "value": 0.0004303287832156281
    }
}