{
    "AX": {
        "error": 0.04716580981253629, 
        "fit": "average", 
        "value": -0.08381826217772197
    }, 
    "CDD": {
        "error": 0.00011017050133853106, 
        "fit": "average", 
        "value": 9.677045745775104e-05
    }, 
    "H1": {
        "error": 0.07377876985040722, 
        "fit": "average", 
        "value": -0.003030293334978097
    }, 
    "H2": {
        "error": 0.11206384503089957, 
        "fit": "average", 
        "value": -0.01712558954524615
    }, 
    "L1": {
        "error": 0.08591228260197446, 
        "fit": "average", 
        "value": -0.10855935140884705
    }, 
    "L2": {
        "error": 0.12235553374176272, 
        "fit": "average", 
        "value": -0.01749065548913569
    }
}