{
    "AX": {
        "error": 0.051222000248515955, 
        "fit": "average_SEM", 
        "value": -0.006080787265537424
    }, 
    "CDD": {
        "error": 9.89682757430773e-05, 
        "fit": "average_SEM", 
        "value": 7.257784309331328e-05
    }, 
    "H1": {
        "error": 0.11859463433382246, 
        "fit": "average_SEM", 
        "value": 0.19331339901934066
    }, 
    "H2": {
        "error": 0.1167061589201663, 
        "fit": "average_SEM", 
        "value": 0.12974435550689425
    }, 
    "L1": {
        "error": 0.10127410068213916, 
        "fit": "average_SEM", 
        "value": 0.07240584268971967
    }, 
    "L2": {
        "error": 0.22019980447905732, 
        "fit": "average_SEM", 
        "value": 0.3963948071216388
    }
}