{
    "AX": {
        "error": 0.05163314703852159, 
        "fit": "average_SEM", 
        "value": -0.01645825266605243
    }, 
    "CDD": {
        "error": 7.968672066418422e-05, 
        "fit": "average_SEM", 
        "value": 4.3292046757414934e-05
    }, 
    "H1": {
        "error": 0.11442900035059818, 
        "fit": "average_SEM", 
        "value": 0.2667146783322096
    }, 
    "H2": {
        "error": 0.12053881299359692, 
        "fit": "average_SEM", 
        "value": 0.1661995321434612
    }, 
    "L1": {
        "error": 0.10747950254520541, 
        "fit": "average_SEM", 
        "value": 0.1244133853877429
    }, 
    "L2": {
        "error": 0.22012880940546123, 
        "fit": "average_SEM", 
        "value": 0.3766544616082683
    }
}