{
    "Ar36": {
        "error": 0.024215970316777038, 
        "fit": "parabolic", 
        "value": 4.1680527700079253
    }, 
    "Ar37": {
        "error": 0.21515418206872883, 
        "fit": "linear", 
        "value": 0.31806426217323025
    }, 
    "Ar38": {
        "error": 0.1068269962963202, 
        "fit": "linear", 
        "value": 0.91149467344060753
    }, 
    "Ar39": {
        "error": 0.056929071117862204, 
        "fit": "parabolic", 
        "value": 0.03345790397261493
    }, 
    "Ar40": {
        "error": 0.37435270982949553, 
        "fit": "parabolic", 
        "value": 1260.9639109666732
    }, 
    "Ar41": {
        "error": 0.112426237820928, 
        "fit": "average_SEM", 
        "value": 0.18701748180290451
    }
}