{
    "Ar36": {
        "error": 0.019915841263695475, 
        "fit": "Parabolic", 
        "value": 3.6242322943721845
    }, 
    "Ar37": {
        "error": 0.12003123450517646, 
        "fit": "linear", 
        "value": -0.011859789171239863
    }, 
    "Ar38": {
        "error": 0.10531054094225913, 
        "fit": "linear", 
        "value": 0.62771148005879152
    }, 
    "Ar39": {
        "error": 0.050078180029612104, 
        "fit": "Parabolic", 
        "value": -0.068953401625284849
    }, 
    "Ar40": {
        "error": 0.31642797643828025, 
        "fit": "Parabolic", 
        "value": 1102.2579586905297
    }, 
    "Ar41": {
        "error": 0.10739233985649055, 
        "fit": "linear", 
        "value": 0.023439653789018234
    }
}