{
    "Ar36": {
        "error": 0.019851947145513707, 
        "fit": "Parabolic", 
        "value": 3.61426870652567
    }, 
    "Ar37": {
        "error": 0.12274523912901629, 
        "fit": "linear", 
        "value": -0.022712076749763291
    }, 
    "Ar38": {
        "error": 0.1043725117707282, 
        "fit": "linear", 
        "value": 0.62183122450559136
    }, 
    "Ar39": {
        "error": 0.055394228710123436, 
        "fit": "Parabolic", 
        "value": -0.08669496453186161
    }, 
    "Ar40": {
        "error": 0.32522786536374987, 
        "fit": "Parabolic", 
        "value": 1099.2191471268916
    }, 
    "Ar41": {
        "error": 0.10112562343794311, 
        "fit": "linear", 
        "value": 0.018660237607979992
    }
}