{
    "Ar36": {
        "error": 0.0013638620661158378, 
        "fit": "Parabolic", 
        "value": 0.012966076049878403
    }, 
    "Ar37": {
        "error": 0.11935383260016089, 
        "fit": "linear", 
        "value": -0.019077192356543607
    }, 
    "Ar38": {
        "error": 0.10522173477479338, 
        "fit": "linear", 
        "value": -0.05896785820657155
    }, 
    "Ar39": {
        "error": 0.052122998996668883, 
        "fit": "Parabolic", 
        "value": -0.063972760529074232
    }, 
    "Ar40": {
        "error": 0.10800260099363844, 
        "fit": "Parabolic", 
        "value": 3.7032849596661119
    }, 
    "Ar41": {
        "error": 0.11189435504619187, 
        "fit": "linear", 
        "value": -0.044361679834406323
    }
}