{
    "Ar36": {
        "error": 0.010693678490807292, 
        "fit": "Parabolic", 
        "value": 0.85151446410081555
    }, 
    "Ar37": {
        "error": 0.12788647583517734, 
        "fit": "linear", 
        "value": 10.687667315061157
    }, 
    "Ar38": {
        "error": 0.099919106829085183, 
        "fit": "linear", 
        "value": 0.7461368544345498
    }, 
    "Ar39": {
        "error": 0.06852935083156253, 
        "fit": "Parabolic", 
        "value": 29.511836973548554
    }, 
    "Ar40": {
        "error": 0.1847983062652431, 
        "fit": "Parabolic", 
        "value": 259.64547295210843
    }, 
    "Ar41": {
        "error": 0.10190475175259488, 
        "fit": "linear", 
        "value": 0.0016915536096304017
    }
}