{
    "Ar36": {
        "error": 0.004053867697962071, 
        "fit": "Parabolic", 
        "value": 0.13972529570112818
    }, 
    "Ar37": {
        "error": 0.12373074029054872, 
        "fit": "linear", 
        "value": 0.5203795180214692
    }, 
    "Ar38": {
        "error": 0.11151681597175234, 
        "fit": "linear", 
        "value": -0.020449226329132032
    }, 
    "Ar39": {
        "error": 0.047339185060126278, 
        "fit": "Parabolic", 
        "value": 0.62204914302661019
    }, 
    "Ar40": {
        "error": 0.12050220944214544, 
        "fit": "Parabolic", 
        "value": 42.577198530543434
    }, 
    "Ar41": {
        "error": 0.10518463023997809, 
        "fit": "linear", 
        "value": -0.050774465620626243
    }
}