{
    "Ar36": {
        "error": 0.0098590247672159341, 
        "fit": "Parabolic", 
        "value": 0.96545820914737313
    }, 
    "Ar37": {
        "error": 0.1269917593434304, 
        "fit": "linear", 
        "value": 3.9326300787669046
    }, 
    "Ar38": {
        "error": 0.10750440105696572, 
        "fit": "linear", 
        "value": 0.66061935060861299
    }, 
    "Ar39": {
        "error": 0.068246121451052688, 
        "fit": "Parabolic", 
        "value": 32.42696498527976
    }, 
    "Ar40": {
        "error": 0.20478120035524758, 
        "fit": "Parabolic", 
        "value": 309.40430529814523
    }, 
    "Ar41": {
        "error": 0.10750753341227488, 
        "fit": "linear", 
        "value": 0.029171244976823107
    }
}