{
    "Ar36": {
        "error": 0.023843693447057415, 
        "fit": "Parabolic", 
        "value": 5.7009937023722177
    }, 
    "Ar37": {
        "error": 0.12634046870011797, 
        "fit": "linear", 
        "value": 9.5049103132849648
    }, 
    "Ar38": {
        "error": 0.098566750348176899, 
        "fit": "linear", 
        "value": 3.3388475172707235
    }, 
    "Ar39": {
        "error": 0.079308859178574151, 
        "fit": "Parabolic", 
        "value": 57.216658839308565
    }, 
    "Ar40": {
        "error": 0.44481062475781186, 
        "fit": "Parabolic", 
        "value": 1784.7776829548616
    }, 
    "Ar41": {
        "error": 0.10734143331409673, 
        "fit": "linear", 
        "value": 0.039186147193842114
    }
}