{
    "Ar36": {
        "error": 0.015168575656516803, 
        "fit": "Parabolic", 
        "value": 2.0089778481138492
    }, 
    "Ar37": {
        "error": 0.11839745432946208, 
        "fit": "linear", 
        "value": 32.554334503854605
    }, 
    "Ar38": {
        "error": 0.10258213578481871, 
        "fit": "linear", 
        "value": 1.1025591827926793
    }, 
    "Ar39": {
        "error": 0.05859043124371912, 
        "fit": "Parabolic", 
        "value": 14.84849206613583
    }, 
    "Ar40": {
        "error": 0.27078645770255921, 
        "fit": "Parabolic", 
        "value": 624.78058318967021
    }, 
    "Ar41": {
        "error": 0.10841429521915621, 
        "fit": "linear", 
        "value": 0.035003708252462767
    }
}