{
    "Ar36": {
        "error": 0.0088506854507130403, 
        "fit": "Parabolic", 
        "value": 0.6586640317925786
    }, 
    "Ar37": {
        "error": 0.13777670428279196, 
        "fit": "linear", 
        "value": 44.084668885811084
    }, 
    "Ar38": {
        "error": 0.10551204845075468, 
        "fit": "linear", 
        "value": 5.3967105369851351
    }, 
    "Ar39": {
        "error": 0.097296022182517233, 
        "fit": "Parabolic", 
        "value": 108.66689120162548
    }, 
    "Ar40": {
        "error": 0.17661975356513152, 
        "fit": "Parabolic", 
        "value": 234.24268334554745
    }, 
    "Ar41": {
        "error": 0.1038466138017658, 
        "fit": "linear", 
        "value": -0.0037471461781888715
    }
}