{
    "Ar36": {
        "error": 0.0056616736288890041, 
        "fit": "Parabolic", 
        "value": 0.3193539757596171
    }, 
    "Ar37": {
        "error": 0.13140299090871335, 
        "fit": "linear", 
        "value": 24.10143801514641
    }, 
    "Ar38": {
        "error": 0.10463529770032219, 
        "fit": "linear", 
        "value": 1.7824946393561845
    }, 
    "Ar39": {
        "error": 0.083207566637038419, 
        "fit": "Parabolic", 
        "value": 75.266853552198228
    }, 
    "Ar40": {
        "error": 0.15420394651803473, 
        "fit": "Parabolic", 
        "value": 122.8649350631451
    }, 
    "Ar41": {
        "error": 0.1017125662920324, 
        "fit": "linear", 
        "value": 0.0056029150275812463
    }
}