{
    "Ar36": {
        "error": 0.0076531559591538137, 
        "fit": "Parabolic", 
        "value": 0.52329939910052881
    }, 
    "Ar37": {
        "error": 0.1261097317543238, 
        "fit": "linear", 
        "value": 21.717552170428263
    }, 
    "Ar38": {
        "error": 0.096479812194424391, 
        "fit": "linear", 
        "value": 1.3153508485223089
    }, 
    "Ar39": {
        "error": 0.085529962641272286, 
        "fit": "Parabolic", 
        "value": 70.107738645372294
    }, 
    "Ar40": {
        "error": 0.18321437730473558, 
        "fit": "Parabolic", 
        "value": 181.4446455641571
    }, 
    "Ar41": {
        "error": 0.10143022720623135, 
        "fit": "linear", 
        "value": -0.021126894712373778
    }
}