{
    "Ar36": {
        "error": 0.023884641995856933, 
        "fit": "Parabolic", 
        "value": 4.4162973234669183
    }, 
    "Ar37": {
        "error": 0.25055372557047045, 
        "fit": "linear", 
        "value": 291.90816809498904
    }, 
    "Ar38": {
        "error": 0.10106871470172732, 
        "fit": "linear", 
        "value": 10.038346818027815
    }, 
    "Ar39": {
        "error": 0.14501731361267134, 
        "fit": "Parabolic", 
        "value": 339.93866633935932
    }, 
    "Ar40": {
        "error": 0.40081383475321591, 
        "fit": "Parabolic", 
        "value": 1423.6710024194094
    }, 
    "Ar41": {
        "error": 0.099998012503526745, 
        "fit": "linear", 
        "value": 0.04712037052286655
    }
}