{
    "Ar36": {
        "error": 0.0073464885258888056, 
        "fit": "Parabolic", 
        "value": 0.48889427463306417
    }, 
    "Ar37": {
        "error": 0.11668623860490925, 
        "fit": "linear", 
        "value": 3.6093604804788666
    }, 
    "Ar38": {
        "error": 0.10381069073033164, 
        "fit": "linear", 
        "value": 0.49232684789474118
    }, 
    "Ar39": {
        "error": 0.059562848154588226, 
        "fit": "Parabolic", 
        "value": 7.6231781837428452
    }, 
    "Ar40": {
        "error": 0.1731808367298433, 
        "fit": "Parabolic", 
        "value": 153.40148572549018
    }, 
    "Ar41": {
        "error": 0.10461154824967822, 
        "fit": "linear", 
        "value": -0.011762431534227591
    }
}